japanese,english
の,of
に,On
は,teeth
た,rice field
を,of
だ,is
が,But
て,hand
と,When
ます,increase
も,and
で,and
ている,ing
です,is
れる,Be
という,As
事,case
えー,Um
言う,To tell
のです,That is
あの,that
する,do
まー,Ma
の,of
ある,be
ね,hey
ない,do not have
なる,Become
か,mosquito
その,That
けれど,But
から,from
よう,So
思う,think
で,and
か,mosquito
が,But
物,object
そう,yes
何,what
と,When
私,Me
てしまう,Be
それ,that
とか,And
この,this
無い,No
行く,go
のだ,Tremendous
せる,Make
これ,this
もう,Already
である,Be
時,Time
な,Named
ず,figure
ので,So
人,Man
よ,world
こう,like this
から,from
ば,palce
や,or
来る,come
その,That
まで,to
見る,look
たり,Otherwise
今,now
良い,good
所,Place
自分,myself
ん,Hmm
あー,ah
やはり,also
たい,sea ​​bream
やる,do
中,During ~
いる,Be
できる,can
など,Such
として,As
後,rear
また,Also
ちょっと,A little
てくる,Come
だけ,only
くらい,About
ではない,is not
えーと,Um
方,direction
ていく,To go
訳,reason
へ,What
どう,copper
し,death
本当,For real
持つ,Hold
出る,Come out
ため,For
すごい,very
考える,think
そこ,There
う,cormorant
分かる,Understand
ておる,Be
について,about
それで,So
入る,come in
作る,make
てみる,Try
聞く,listen
そして,and
てくれる,Give me
場合,case
話,Talk
ながら,While
そんな,Such
使う,use
日本,Japan
風,Wind
おー,Oh
前,Previous
多い,many
のではない,Not
よく,Often
一つ,One
子供,child
非常,Informal
気,air
ても,Perhaps
取る,take
うち,home
知る,know
より,Than
それから,after that
うー,Hmm
感じ,Feeling
みたい,want to see
でも,but
ここ,here
とても,very
いろいろ,various
一,one
そう,yes
行なう,Perform
一番,number one
二,two
同じ,same
まず,first
必要,requirement
仕事,work
余り,remainder
によって,By
かもしれない,May
僕,I
皆,all
彼,he
方,direction
食べる,eat
ほど,Degree
しかし,However
書く,describe
入れる,put in
次,Next
結構,very well
問題,problem
例えば,for example
目,eye
頃,Time
上,Up
てくださる,Be
他,other
いつ,when
家,House
付く,Be attached
日,Day
出す,put out
一人,One person
人間,human
どこ,Where
ございます,Yes
時間,time
ただ,However
だから,that's why
違う,Wrong
受ける,receive
言葉,words
なんか,Something
少し,a bit
まま,Be
買う,buy
まだ,yet
手,hand
話す,talk
好き,Like
返る,Return
てもらう,Get
掛ける,Put on
終わる,End
意味,meaning
のである,So
いろんな,various
付ける,wear
形,shape
かなり,rather
三,three
最初,first time
間,while
感じる,feel
しか,deer
かかる,Be
大きな,big
住む,live
最近,Recently
特に,especially
誰,Who
こんな,Such
友達,friend
大きい,big
すぐ,soon
一緒,together
生活,life
国,Country
あげる,give
あなた,you
現在,Current
高い,high
なんて,What
悪い,bad
気持ち,feeling
乗る,get on
において,In
見える,appear
変わる,change
べし,Beyond
あるいは,or
大変,hard
による,according to
会社,Company
ほとんど,largely
実際,actual
先生,teacher
彼女,she
二人,Two persons
心,heart
あの,that
らしい,Apparent
ある,be
金,Money
顔,face
ていただく,Be
ずっと,all the time
さらに,moreover
町,town
及び,as well as
たくさん,a lot
いー,Good
大体,generally speaking
もちろん,of course
読む,read
人たち,People
今日,today
昔,long ago
うん,yes
すべて,all
教える,teach
子,Child
ておく,Be
に対して,To
ばかり,Only
なぜ,why
水,water
当時,at that time
場所,place
置く,put
楽しい,fun
にとって,for
声,voice
普通,usually
残る,Remain
最後,last
車,car
初めて,first time
今度,next time
体,body
私達,we
強い,strong
全く,not at all
呼ぶ,Call
結局,in the end
歩く,walk
男,Man
女性,Woman
学校,school
生きる,live
なかなか,Quite
先,Precedence
もっと,more
ことができる,be able to
テーマ,theme
世界,world
状態,situation
と,When
もし,if
全然,at all
飲む,to drink
新しい,new
の,of
早い,quick
会う,meet
アメリカ,America
あれ,that
小さい,small
相手,partner
母,mother
以上,that's all
関係,relationship
四,four
たぶん,perhaps
店,shop
どんな,what kind
頭,Head
電話,phone
長い,long
ことになる,Be
本,Book
どの,Which
こちら,Here
いわゆる,So-called
わ,circle
夜,Night
別,another
者,person
タイトル,title
親,parent
名前,name
全部,All
皆さん,everyone
により,By
きれい,beautiful
立つ,stand
毎日,every day
ために,for
おいしい,Delicious
または,or
家族,family
に対する,Against
部分,part
一度,one time
結果,result
じゃ,well
状況,situation
時代,Era
少ない,Few
他,other
うまい,good
覚える,Learn
東京,Tokyo
てある,Be
続く,Continue
における,In
俺,me
生まれる,to be born
父,father
確か,Certainly
それぞれ,Respectively
方法,Method
はず,Should
説明,explanation
なければいけない,I have to do it
部屋,room
ちょうど,just
当然,Of course
大学,University
ですから,So
実,fruit
朝,Morning
どんどん,Steadily
得る,obtain
とにかく,Anyways
選ぶ,Choose
面白い,interesting
戻る,return
勉強,study
やめる,Stop
下,under
始める,start
まわり,Surroundings
犬,dog
必ず,surely
残す,leave
大事,Important
嬉しい,happy
力,Power
遊ぶ,play
若い,young
理由,cause
女,woman
簡単,Easy
始まる,Start
死ぬ,die
今回,this time
に関する,Related to
人生,life
通り,street
内容,Content
テレビ,tv set
経験,experience
木,wood
点,point
自然,Nature
音,sound
海,Sea
一応,At once
与える,give
利用,use
働く,work
一杯,a cup of
近く,shortly
つまり,in short
共,Both
存在,Existence
絶対,absolutely
日本人,Japanese people
大切,important
足,leg
切る,Cut off
走る,Run
待つ,wait
写真,Photo
子供たち,The kids
だんだん,gradually
二つ,two
楽しむ,enjoy
五,Five
多く,Many
寝る,sleepy
英語,English
決める,decide
忘れる,forget
口,mouth
送る,send
姿,Appearance
なくなる,Be gone
時期,season
逆,reverse
頑張る,make effort
示す,show
こそ,For
人々,people
道,road
有名,Famous
てもいい,OK
思い,thought
しかも,In addition
難しい,difficult
彼ら,they
山,Mountain
程度,degree
でない,Not
願う,Wish
すでに,already
昭和,Showa
向かう,Head to
連れる,Be taken to
変える,change
影響,Impact
病院,hospital
年,Year
花,flower
求める,Ask
情報,information
もらう,get
友人,friend
だめ,No good
経つ,Pass
先程,earlier
一回,once
十分,sufficient
小さな,small
開く,open
無人島,Uninhabited island
続ける,continue
重要,important
といった,such as
当たる,Hit
近い,near
結婚,marriage
認める,Admit
これら,these
歴史,history
増える,increase
音楽,music
なければならない,There must be
外,Outside
進む,move on
起きる,Get up
嫌,Disgusting
駅,station
いや,no
はい,yes
映画,movie
身,Body
客,Customer
質問,question
含む,include
地域,area
我が,my
どうしても,no matter what
のに,But
娘,Daughter
見せる,show
一日,one day
今年,this year
平成,Heisei
図,figure
紹介,Introduction
合わせる,match
安い,cheap
夢,dreams
つらい,tough
規定,Provisions
どちら,Which
中心,center
起こる,Occur
我々,we
母さん,mother
立てる,Set up
最も,most
色,colour
探す,seek
ちゃんと,Properly
興味,interest
三つ,three
てほしい,I want you to
いただく,Have
売る,sell
変化,change
印象,impression
作品,the work
でございます,Yes
参加,Participation
夏,summer
よる,evening
理解,Understanding
事件,Case
中国,China
ずつ,One by one
母親,mother
取り敢えず,For the moment
ところが,However
目的,Purpose
様々,various
答える,answer
過ごす,spend
上がる,Go up
一方,on the other hand
病気,illness
心配,anxiety
それでも,nevertheless
イメージ,image
笑い,Laughing
午後,afternoon
後,rear
動く,Move
主人,master
加える,Add
困る,in trouble
取れる,Be removed
環境,environment
対応,Correspondence
比べる,compare
高校,high school
食事,meal
引く,Pull
辺,Side
要するに,in short
離れる,Leave
火,fire
実施,implementation
今後,from now on
社会,society
練習,training
使用,use
越える,Cross over
図る,Plan
企業,Company
奴,guy
はっきり,clearly
怖い,scared
例,example
絵,picture
思い出す,remember
に関して,About
酒,Liquor
原因,Cause
お前,you
守る,protect
小学校,primary school
回る,spin
広い,wide
猫,Cat
向こう,Across
同時,simultaneous
調べる,investigate
のぼる,Be upright
六,Six
のみ,only
向ける,Turn
落ちる,drop down
だが,But
決まる,Be determined
起こす,Wake up
場,Place
いずれ,Either
ホテル,Hotel
対象,subject
打つ,strike
以前,Before
夫,husband
確認,confirmation
数,number
意見,opinion
割と,Relatively
大丈夫,are you OK
通う,go
申し上げる,Say
可能性,possibility
述べる,Describe
是非,I'd love to
さえ,even
三人,Three people
料理,cooking
一部,part
きっと,surely
どうして,why
歌う,sing
なお,note that
幾つ,how many
ぞ,For
ほしい,want
新聞,newspaper
気付く,notice
歌,song
開ける,Open
互い,Each other
着る,Wear
違い,difference
しっかり,Tightly
過ぎる,Pass
記憶,Memory
思い出,memory
しばらく,for a while
基本的,Basic
四月,April
君,you
笑う,smile
いくら,ikura
魚,fish
旅行,trip
父親,father
どれ,which one
見付ける,Be found
関わる,Be involved
無理,unreasonableness
健康,health
味,taste
深い,deep
伝える,inform
自由,freedom
集まる,get together
戦争,war
流れる,Fling
男性,male
電車,Electric train
進める,Proceed
含める,include
致す,Dash
着く,arrive
厳しい,Strict
女の子,girl
パソコン,computer
おる,is
活動,Activity
不安,anxiety
三十分,thirty minutes
限り,as long as
いらっしゃる,Come
可能,Possible
可愛い,pretty
際,edge
途中,in the middle
研究,the study
様子,state
ものすごい,Tremendous
合う,Fit
済む,Be completed
通る,Pass
大人,adult
期待,Expectation
事実,fact
せい,because of
一年,one year
一体,Integral
島,island
描く,draw
驚く,Be surprised
動物,animal
何度,Many times
元々,originally
素晴らしい,Amazing
座る,sit
定める,stipulate
機会,chance
楽しみ,fun
考え,idea
信じる,believe
たまたま,by chance
古い,old
さ,difference
面,surface
三月,March
ただし,however
常,Always
より,Than
つもり,Intention
考え方,way to think
ニュース,news
意識,Consciousness
元,Origin
行動,Behavior
低い,low
びっくり,Surprisingly
作り方,Way of making
元気,well
現われる,Appear
聞こえる,hear
曲,song
過去,past
やっと,at last
思える,Seem to be
明らか,clear
つつ,Creepy
土地,land
振り返る,look back
初め,beginning
評価,evaluation
息子,son
限る,Limit
似る,Resemble
悲しい,sad
雨,rain
自分達,ourselves
詳しい,be familiar with
二十一世紀,21st century
ひどい,terrible
昨日,yesterday
下りる,Go down
メール,Email
まあ,oh dear
喜ぶ,be happy
便利,Convenient
迎える,Welcome
耳,ear
表現,Expression
動き,Movement
注意,Note
では,Then
てあげる,I'll give you
雰囲気,atmosphere
立場,position
基づく,Be based
間,while
ことがある,Sometimes
痛い,pain
父さん,Father
辺り,Around
てやる,Do
将来,future
乗せる,Put on
自転車,bicycle
白い,white
川,river
用いる,Use
隣り,Next
普段,normally
法律,law
妻,wife
冬,winter
具体的,concrete
もと,source
発生,occurrence
繰り返す,repeat
泣く,cry
七,Seven
手紙,letter
出かける,go out
努力,effort
増加,gain
判断,Judgment
両親,parents
残念,disappointing
おそらく,probably
家庭,home
軽い,light
払う,pay
つながる,Be connected
船,ship
九月,September
きっかけ,Trigger
授業,class
亡くなる,Die
止める,stop
不思議,wonder
茶,tea
直接,Directly
バス,bus
効果,effect
現実,reality
触れる,touch
飼う,keep
しゃべる,Speak
国民,Citizen
さす,Shift
やり方,manner
ずいぶん,Very much
日本語,Japanese
十月,October
気分,Feeling
開発,development
殺す,kill
特徴,feature
神,God
暮らす,live
飛ぶ,jump
終わり,end
雑誌,magazine
怒る,Get angry
整備,Maintenance
んと,And
建物,building
発見,discover
相談,consultation
連絡,contact
止まる,Stop
一生懸命,try as hard as one can
用意,preparation
変,strange
十二月,December
学ぶ,learn
突然,suddenly
首,neck
設定,setting
ゆっくり,slowly
目指す,aim
したがって,therefore
一月,January
成す,Make
集める,Gather
失う,lose
光,light
並ぶ,line up
八月,August
とく,virtue
七月,July
美しい,beautiful
五月,May
優しい,kind
タバコ,tobacco
後ろ,back
六月,June
異なる,different
十一月,November
新た,new
飛行機,airplane
婆さん,Grandmother
至る,Get
午前,morning
育てる,Raise
種類,type
商品,Product
生じる,Occur
イギリス,England
大好き,really like
語る,talk
胸,chest
頼む,ask
体験,Experience
材料,material
広がる,spread
きちんと,Neatly
そちら,there
勝つ,win
運動,motion
捨てる,dispose of
幸せ,happy
通す,Pass through
横,beside
伴う,Accompany
命,life
流れ,flow
育つ,growing up
ちなみに,as a side note
予定,schedule
決して,never
馬,Horse
完全,Perfect
学生,student
風,Wind
性格,Personality
死,death
位置,position
発展,development
おかしい,strange
近所,neighborhood
一本,One
張る,Stretch
ご飯,cooked rice
危険,dangerous
かしら,Kakarai
すなわち,"That is,"
海外,overseas
教育,education
想像,Imagination
実は,actually
許す,forgive
表,table
文化,culture
八,Eight
食べ物,food
借りる,Borrow
だけれど,But
準備,Preparation
二月,February
や,or
月,Moon
世の中,world
インターネット,the internet
春,spring
旅,Journey
二年,Two years
寒い,Cold
年,Year
同様,Same
一般,Ordinary
第一,first
三年,Three years
申す,Say
押す,push
責任,responsibility
選択,Selection
負ける,lose
技術,Technology
一般的,general
そば,Soba
減る,decrease
記事,article
本人,Person
焼く,bake
たまに,Sometimes
慣れる,Get used to
もしくは,or
出会う,meet
推進,Promoting
自ら,oneself
作業,work
私自身,I myself
たび,Time
付き合う,keep company
半分,half
条件,conditions
医者,doctor
振る,shake
関心,interest
表示,display
秋,autumn
明るい,bright
趣味,hobby
生徒,student
相当,Equivalent
従う,follow
検討,examination
占める,Occupy
まさに,Exactly
選手,player
以下,Less than
大きさ,size
調査,Investigation
分,Part
実家,parents' home
発表,publication
むしろ,Rather
作成,create
名,Name
確保,Securing
まるで,as if
運ぶ,bring
こともある,Sometimes
てはいけない,must not
正しい,correct
ほぼ,Almost
表わす,Represent
毎年,Every year
文字,letter
空,Sky
に対し,To
明日,tomorrow
役割,role
地球,Earth
公園,park
個人,Individual
やら,Noise
消える,disappear
激しい,intense
短い,short
薬,medicine
試合,game
成長,growth
おなか,stomach
機能,function
ボール,ball
少年,boy
方向,direction
遅い,slow
資料,Document
タイプ,type
扱う,deal
指摘,indicate
ヨーロッパ,Europe
除く,except
それら,Them
ご存じ,Know
意外,Unexpectedly
一週間,one week
何回,How many times
政府,government
分ける,Divide
計画,plan
段階,step
量,amount
田舎,country
感動,Impressive
スポーツ,Sports
感覚,feelings
地元,local
勝手,selfish
さすが,Truly
寂しい,lonely
再び,again
利く,Be advanced
勤める,serve
吸う,inhale
流す,Pour
希望,Hope
急,Sudden
勧める,recommend
年齢,age
フランス,France
仕方,Way
なし,none
さて,Now
疲れる,Be tired
落とす,Drop
人気,popular
弱い,weak
まとめる,Summarize
格好,form
渡る,Be overwhelmed
患者,patient
壁,wall
道路,road
参る,Be
反対,oppose
他人,others
提供,Providing
空気,air
去年,last year
肩,shoulder
知れる,Be known
匂い,odor
銀行,Bank
実現,realization
ありがとう,Thank you
購入,purchase
十年,Ten years
右,right
全体,whole
話題,topic
認識,recognition
安心,relief
雪,snow
ポイント,point
十,Ten
仲間,fellow
かつ,And
知識,knowledge
多少,Somewhat
緑,green
解決,Solution
狭い,narrow
一時間,one hour
失敗,Failure
いきなり,Suddenly
成功,success
マンション,apartment
協力,Cooperation
伯父,uncle
時々,Sometimes
産む,Give birth
卒業,graduation
降る,Get down
野菜,vegetable
自分自身,myself
報告,report
落ち着く,calm down
決定,Decision
割合,ratio
移動,Migration
いまだ,Still
血,blood
応ずる,Handle
涙,tears
表情,Expression
ああ,Oh
逃げる,run away
次第,depend on
楽,easy
やがて,Soon
ではありません,Not
かつて,Once
ごみ,garbage
警察,police
兄,Brother
くれる,Give
代わり,Substitute
外国,foreign country
細かい,Detailed
静か,quiet
腰,Hip
開催,hold
瞬間,moment
近付く,approach
わずか,Small
暗い,dark
届く,reach
窓,window
ストレス,stress
伸ばす,extend
ドア,door
森,Woods
目標,Target
本来,Originally
重い,heavy
変更,change
感謝,Gratitude
腕,arm
手術,Surgery
当たり前,obvious
時点,Time
一日,one day
馬鹿,fool
忙しい,busy
おく,back
愛する,love
それでは,So
遠い,far
苦労,Hardship
押さえる,Hold down
課題,Task
とともに,With
見つかる,Be found
うそ,lie
仰る,Say
主張,Claim
施設,institution
チェック,check
一ヶ月,one month
ものの,But
展開,Development
事業,business
データ,data
役,Role
伸びる,extend
通常,generally
ピアノ,piano
行為,action
悩む,to worry
第二,second
議論,Discussion
記録,record
当てる,Hit
出来事,event
温かい,warm
おかげ,Thanks
安全,safety
眺める,Look at
いかに,How
設置,Installation
極めて,extremely
入院,hospitalization
積極的,positive
事故,accident
たたく,Strike
としても,As well
会話,conversation
方々,Persons
要る,need
鳥,bird
何とか,somehow
市,city
眠る,sleep
自信,Confidence
固い,Hard
戦後,After the war
値段,price
通じる,Communicate
動かす,move
トイレ,toilet
あんな,Such a thing
避ける,avoid
お勧め,Recommendation
野球,baseball
穴,hole
クリック,click
捕らえる,capture
昨年,last year
減少,Decline
洗う,wash
左,left
珍しい,rare
尋ねる,ask
一言,Word
男の子,boy
制度,system
買い物,shopping
チーム,team
登場,Appearance
期間,period
金額,Amount of money
塩,salt
奥,Deep
九,Nine
まだまだ,not yet
習う,learn
番組,program
一時,Time
ケース,Case
傾向,tendency
日々,day to day
拡大,expansion
レベル,level
よろしく,nice to meet you
疑問,Question
それなり,Reasonable
現状,status quo
ドイツ,Germany
取り上げる,take up
主に,mainly
伯母,aunt
パン,bread
クラス,class
肉,meat
なるべく,As much as possible
指,finger
態度,attitude
地,Earth
全国,Whole country
答え,answer
世話,care
差,difference
一切,All
食う,Eat
文章,Sentence
背景,background
負担,load
事情,Situation
メンバー,member
ようやく,at last
地方,Region
豊か,rich
助ける,help
詰まる,Be clogged
一個,one
大阪,Osaka
果たす,Fulfill
支える,support
抱える,Hold
大分,Oita
追う,Pursue
権利,right
何々,what
計算,Calculation
痛み,pain
返す,return
庭,garden
納得,agreement
組織,Organization
能力,ability
人口,population
薄い,thin
注,note
二回,Twice
治療,Treatment
昼,noon
を通じて,Through
せっかく,Much
赤い,red
比較的,Relatively
サービス,service
何人,How many people
荷物,load
魅力,charm
現場,Site
道具,tool
遠く,far away
中学,Junior high school
村,village
システム,system
あそこ,over there
十時,Ten o'clock
息,breath
伝わる,Be transmitted
撮影,photograph
指導,Guidance
生かす,Make use of
韓国,Korea
字,Character
指定,specify
経営,management
あらゆる,every
価値,worth
南,South
成立,Establishment
季節,season
導入,introduction
ことにする,Decide
一枚,one sheet
い,stomach
先輩,upperclassman
全員,All
にしても,even if
四人,Four people
人物,person
距離,distance
泊まる,stay
充実,fullness
によると,according to
コミュニケーション,communication
散歩,stroll
グループ,group
黒い,black
九時,Nine o'clock
石,stone
エネルギー,energy
挨拶,Greeting
愛,Love
比較,Comparison
結ぶ,tie
移る,Transfer
従来,Conventional
嫌い,Hate
注目,attention
携帯,Mobile phone
休む,rest
甘い,sweet
最高,Best
弟,Younger brother
卵,egg
服,clothes
赤ちゃん,baby
始め,start
要求,request
紙,paper
妹,sister
額,amount
交ぜる,mix
抱く,Embrace
出来上がる,Be finished
小説,novel
訪れる,visit
汗,Sweat
特別,special
改善,Improvement
休み,holiday
咲く,bloom
基本,Basics
暑い,hot
向く,Face
ますます,more and more
最終的,Final
感情,Emotion
我慢,patience
浮かぶ,Be floated
利益,Profit
先日,the other day
裏,back
もたらす,Bring
姉,sister
問う,Ask
継ぐ,Succeed
北海道,Hokkaido
構成,Constitution
反応,reaction
ナイフ,knife
じいさん,Grandfather
新宿,Shinjuku
活用,exercise
正直,honest
黒,black
スーパー,Supermarket
プロ,Professional
渡す,hand over
掲げる,Raise
京都,Kyoto
就職,find work
立派,fine
舞台,stage
現地,local
数字,Number
提出,Submission
コンピューター,computer
東京都,Tokyo
から,from
弾く,play
自宅,one's home
腹,stomach
喜び,joy
しようがない,can not help it
風呂,bath
香り,scent
スキー,Skiing
構う,Be careless
受け入れる,accept
お菓子,snack
無料,free
付き合い,Dating
私共,Our
被害,damage
椅子,Chair
直す,fix
桜,Cherry Blossoms
回答,Answer
ゲーム,game
ことはない,There is nothing
個人的,Personal
活躍,action
試験,test
身近,Familiarity
苦しい,baffling
恥ずかしい,Embarrassed
金,Money
ただ,However
検査,test
皮,leather
白,White
足りる,Be sufficient
代表,representative
夕方,evening
下がる,Go down
実感,Reality
有する,Have
抜く,Pull out
回す,turn
敵,enemy
側,~ side
分かれる,Be separated
見つめる,stare
祭り,festival
抜ける,Get out
仕様,specification
最大,maximum
スタート,start
なり,In
沖縄,Okinawa
設ける,prepare
でもって,By all
幼稚園,kindergarten
二度,Two degrees
処理,process
困難,Difficulty
あくまで,Only
分野,Field
間違う,Make a mistake
姿勢,posture
ショック,shock
暇,free
つい,unintentionally
土,soil
隠す,hide
緊張,tension
それとも,Or
帰り,Return
三日,three days
戦う,fight
単に,simply
席,seat
つる,Vine
達する,Reach
小学生,Elementary school student
ついに,finally
具合,Condition
歯,teeth
ベッド,bed
無事,Safely
身体,body
何年,What year
星,Star
携帯電話,cell phone
砂糖,sugar
切れる,Be cut off
維持,Maintaining
高さ,height
太陽,Sun
会場,venue
素敵,splendid
湯,Hot water
そもそも,in the first place
約束,promise
ワイン,wine
高校生,high school student
イベント,event
二日,two days
売れる,sell
少なくとも,at least
米国,usa
周囲,Surroundings
伺う,Ask
引っ越す,move
二十年,20 years
たまる,Accumulate
精神的,Mental
中学校,junior high school
仲良く,Close
言い方,Way of saying
バランス,balance
五年,Five years
安定,Stability
完成,Complete
我が家,My home
見かける,see
広げる,spread
参考,reference
たとえ,example
受け取る,receive
冷たい,cold
望む,Want
適用,Apply
宗教,religion
一年間,One year period
範囲,range
接する,Be in contact with
戻す,return
すっかり,Completely
低下,Decline
政治,Politics
なんら,Any
取り組む,work on
余裕,room
パリ,Paris
にて,At
奥さん,Wife
遅れる,Be delayed
担当,responsible person
向上,Improvement
機械,machine
CD,CD
寄る,Approach
都市,City
費用,cost
運転,drive
生地,material
さあ,here we go
だけでなく,but also
予想,Predict
一層,More
旦那,husband
経る,Pass
揃う,Be prepared
下げる,Lower
誘う,Invite
重ねる,Repeat
採用,Recruitment
価格,price
飾る,decorate
がん,cancer
土,soil
週,week
細い,thin
直る,Fix
単純,Simple
ファックス,fax
アルバイト,part-time job
北,North
一生,lifetime
ファン,fan
及ぶ,Be
後,rear
調子,condition
基準,standard
植物,plant
契約,Agreement
組む,Assemble
叫ぶ,call out
若者,Youth
手段,means
下ろす,Put down
明治,Meiji
形成,Formation
マンガ,manga
ドラマ,Drama
いよいよ,Finally
高齢者,senior citizen
無駄,Useless
髪,hair
管理,management
サッカー,Football
工場,plant
正確,correct
夫婦,couple
監督,directed by
鍋,pot
バイト,Part-Time Job
十分,sufficient
外す,remove
何でも,anything
階段,Stairs
オーストラリア,Australia
そこで,Therefore
オーケー,Ok
発達,development
適当,properness
戦い,Fight
はさむ,Put on
鼻,nose
会,Meeting
数年,A few years
現代,present day
回復,recovery
すみません,excuse me
コーヒー,coffee
塗る,paint
老人,Old man
共通,common
一瞬,for a moment
面倒,troublesome
開始,start
翌日,the next day
しまう,Be
商店街,Shopping street
原則,principle
販売,sale
諦める,give up
場面,scene
障害,hindrance
やや,kind of
一定,Constant
いかが,How
上手,good
関連,connection
笑顔,smile
真ん中,middle
ビール,Beer 
正月,New Year
すら,Only
デザイン,design
わざわざ,Bother
あふれる,Be overflowing
葉,leaf
種,seed
迷惑,bothersome
つかむ,Grab
締める,Tighten
ラジオ,radio
入る,come in
じっと,As a result
うなずく,Nod
餌,feed
背中,back
両方,both
床,floor
囲む,surround
並べる,Arrange
黙る,Be silent
きり,Dignity
風景,Landscape
ごとし,All
保存,keep
社長,president
目立つ,stand out
保護,protection
確実,certainty
経済,Economy
等,etc
演奏,Performance
増やす,increase
温泉,hot spring
工夫,Device
触る,touch
教室,classroom
登録,register
長さ,length
資格,Qualification
明確,Clear
記載,description
肌,skin
倒れる,Fall down
症状,Symptoms
普及,Spread
すると,Then
優れる,Be excellent
返事,reply
職場,workplace
取り出す,Take out
骨,Bone
平和,peace
間違い,error
まい,dance
けんか,fight
偉い,great
くださる,Give me
熱い,hot
当日,On the day
残り,remaining
支援,support
実行,execution
握る,Hold
出会い,encounter
体重,body weight
上司,boss
結論,Conclusion
け,hair
テーブル,table
盛ん,Prosperous
急ぐ,Hurry
ともかく,anyway
犯人,culprit
熱,heat
犯罪,crime
批判,Criticism
出発,departure
遊び,play
教師,teacher
横浜,Yokohama
脳,brain
レストラン,restaurant
そろそろ,gradually
日曜日,Sunday
けが,Injury
兄弟,Brother
楽器,instrument
保つ,keep
自動車,Automobile
ほんの,only
カメラ,camera
寺,temple
ビデオ,video
適切,appropriate
見事,Brilliant
底,bottom
刺激,Stimulation
勢い,Momentum
吹く,Blow
今日,today
迷う,Get lost
背,Back
生,Raw
訴える,bring the action
精神,spirit
把握,Grasp
対する,Vain
十二,twelve
じゃ,well
地震,earthquake
応援,support
人類,Human race
上昇,rise
空間,space
複雑,complicated
特定,identification
高める,Enhance
以外,apart from
観点,Point of view
努める,Make an effort
二時間,Two hours
きつい,tight
祖母,grandmother
プラス,plus
大抵,usually
狙う,Aim
知り合い,acquaintance
迫る,Approach
どうぞ,please
消す,erase
唯一,Only
連中,People
青い,blue
終了,end
をもって,With
前提,Prerequisite
四つ,four
未来,future
僕ら,we
立ち上がる,stand up
同,same
推移,Transition
なくす,lose
有効,Effectiveness
次々,One by one
上で,Above
国内,Domestic
が,But
都合,circumstances
主な,main
ふと,Suddenly
四年,four years
無視,ignore
一気,At a glance
手続き,procedure
波,wave
仲,Friendship
中学生,Middle school students
イタリア,Italy
のぞく,Look into
誕生,birth
汚い,dirty
畑,field
履く,wear
膝,knees
提案,suggestion
業務,business
幸い,Happily
かわいそう,Poor
画像,image
孫,Grandchild
つなぐ,hook up
包む,Wrap
思い切る,Make up for
事態,situation
夜中,Midnight
改める,change
集中,concentration
両手,both hands
指示,Instruction
結婚式,wedding
虫,insect
バイク,bike
確立,Establishment
到着,arrival
かく,write
痩せる,lose weight
親父,father
なくてはいけない,I have to
試す,try
終える,End
遥か,far
受験,Taking the exam
医師,Doctor
バンド,band
体力,Physical strength
国家,Nation
ソフト,soft
長男,Eldest son
0,0
さっき,some time ago
ごく,Very much
入力,input
CM,CM
十一,eleven
チャンス,chance
別れる,break up
昼間,Daytime
生産,production
要,Key
収める,Put in
掃除,cleaning
強化,Enhancement
主婦,housewife
徐々,gradually
メーカー,Manufacturer
あり得る,could be
記す,Write down
うわさ,Rumor
保険,insurance
規制,Regulation
もの,thing
感想,thoughts
左右,Left and right
促進,Promotion
景色,view
味わう,taste
アジア,Asia
交流,Alternating current
報道,Report
当初,Beginning
インド,India
観察,observation
電気,Electricity
癖,habit
たいした,Trivial
あり方,Gain
どころ,Point
好み,Preference
はまる,Mock
早速,immediately
支払う,pay
市民,Citizen
メリット,merit
近年,recent years
分かりやすい,Easy to understand
製品,product
果たして,Truly
得意,good at
二週間,two weeks
問い合わせ,inquiry
あっ,Ah
何だか,somehow
過程,process
仕組み,structure
慌てる,panic
ざるを得ない,I have to do it
措置,Measure
油,oil
半年,Half a year
視線,Gaze
構造,structure
筋肉,muscle
少々,a little
対策,measures
濃い,dark
異常,Abnormality
図書館,library
靴,shoes
おそれ,Fear
二階,Upstairs
あえて,Dare
三回,Three times
引っ越し,moving
失礼,impoliteness
太る,Get fat
街,Town
いったん,Once
取り入れる,Incorporate
モテる,motel
都会,Urban
大量,Mass of large quantities
発言,comment
炒める,stir fry
投げる,throw
玄関,Entrance
一種,One species
世代,generation
にあたって,For
申し込み,application
高まる,Increase
証明,Proof
沸く,Boil
必死,Desperate
真剣,Sincerity
まさか,No way
ごめんなさい,sorry
画面,screen
米,Rice
成果,Outcome
物語,story
日時,Date and time
来年,next year
巻く,Roll up
こっち,here
必ずしも,necessarily
たっぷり,plenty
はやる,Do
恐ろしい,That's horrible
中身,inside
スピード,speed
一歩,one step
牛乳,milk
否定,denial
踏まえる,Take into account
若干,Slightly
箱,box
テニス,tennis
アパート,Apartment
面接,interview
住民,residents
て参る,Be
ギター,guitar
要素,element
泳ぐ,swim
大勢,in great numbers
習慣,Habit
込める,Put in
風邪,cold
調整,Adjustment
踊る,dance
とも,friend
タクシー,taxi
教会,Church
攻撃,attack
五時,Five o'clock
弁当,Lunch
方達,Guys
久しぶり,long time no see
とたん,Tan
要する,Need
幅,width
周辺,neighborhood
十日,10 days
取得,Acquisition
挑戦,challenge
独立,Independence
収入,income
ぜ,For
市場,market
着物,kimono
メニュー,menu
夏休み,Summer vacation
壊す,break down
なさる,Do
仮,tentative
かえって,Rather
関する,Be involved
輸入,Import
満たす,Fulfill
いわば,So to speak so to speak
スタッフ,staff
住所,address
平気,Calm
コース,course
訪ねる,visit
鍵,key
世界中,in the world
下手,poor
詩,Poetry
経過,Progress
整える,Arrange
ツアー,Tours
西,West
事項,Matter
塾,cram school
去る,leave
五人,Five people
入り口,Entrance
改めて,again
県,prefecture
断る,turn down
事務所,Office
大さじ,Teaspoon
整理,Organizing
耐える,Endure
職員,Staff
コメント,comment
五分,Five minutes
発揮,Demonstration
閉じる,close up
芝居,play
分析,analysis
解釈,interpretation
奪う,Take away
三ヶ月,Three months
注文,order
傷,scratch
外国人,foreigner
八時,Eight o'clock
冷蔵庫,refrigerator
任せる,Entrust
配慮,consideration
赤,red
かぶる,Cover
海外旅行,overseas trip
営業,Sales
水,water
なるほど,I see
空港,airport
交換,exchange
生える,Grow
防ぐ,prevent
ホームページ,home page
妊娠,pregnancy
貸す,lend
ママ,Mom
空く,Be empty
危ない,Dangerous
まっすぐ,Straight
映像,picture
壊れる,Be broken
破壊,destruction
削除,delete
派遣,Dispatch
カード,card
改正,Revision
世間,World
手伝う,help
社員,employee
月,Moon
信頼,trust
沿う,Along
輝く,Shine
三時,Three o'clock
ペット,Pets
世,world
不可能,impossible
襲う,Attack
問,Question
サイト,site
ボランティア,volunteer
問題点,problem
一人一人,One by one
サイズ,size
建設,construction
線,line
子育て,Raising children
願い,Wish
よろしい,Good
二十分,twenty minutes
モデル,model
余計,Extra
引き続く,Continue
移す,Transfer
募集,Recruitment
りんご,Apple
まずい,Unpalatable
食料,food
優勝,win
間,while
属する,Belong to
豊富,Abundant
消費者,consumer
喉,throat
布団,futon
十五分,Fifteen minutes
宇宙,universe
同じく,Equally
資金,Funds
しかたない,it can not be helped
料金,price
デパート,Department store
地図,map
唇,lips
釣り,fishing
十五日,Fifteen days
駅前,Front of the station
つつある,Tricky
ご覧,See
大会,Conference
拾う,pick up
いざ,Now
二番目,Second
良さ,quality
たって,Afterwards
素材,material
設立,Establishment
なので,that's why
絞る,squeeze
ところで,by the way
江戸,Edo
下る,Go down
二十,twenty
反映,Reflection
天気,weather
作家,Writer
減らす,reduce
十五,Fifteen
ゴルフ,golf
敷く,Lay
合格,Passing
日常,Everyday
毎回,every time
影,Shadow
うるさい,noisy
法,Law
罪,sin
まるい,Durable
団体,Group
詳細,detail
洋服,clothes
承知,know
多数,Majority
運営,operation
生き方,Way of life
備える,Provide
おしゃれ,Be fashionable
住宅,Residence
考慮,Consideration
働き,Manner
踏む,Step on
ファイル,File
有り,Have
要因,cause
わし,"eagle, I"
火,fire
偶然,Accidentally
だって,Because
不満,complain
クラブ,club
懐かしい,nostalgic
ページ,page
止む,Stop
外れる,Get off
経済的,Economic
机,desk
使い方,How to use
ハワイ,Hawaii
予算,budget
真面目,Earnest
勇気,courage
皿,plate
ありがたい,appreciated
視点,perspective
素直,honest
表面,surface
コピー,copy
削る,Shave
部活,Extracurricular activity
サラリーマン,Office worker
制限,limit
実験,experiment
ニューヨーク,New York
確かめる,confirm
東,east
主人公,main character
もっとも,At most
アメリカ人,American
テスト,test
高校時代,High School days
満足,satisfaction
愛情,love
微妙,subtle
生み出す,produce
ビル,building
あらかじめ,in advance
財産,property
証拠,evidence
我,I
訓練,Training
区別,Distinction
四日,four days
サークル,Circle
皆様,ladies and gentlemen
光景,Scenery
パターン,pattern
シーン,scene
新鮮,fresh
恵まれる,Be blessed
煮る,Boil
旨,Foreword
反省,introspection
放送,broadcast
人間関係,Human relationship
ボタン,button
少女,Girl
命ずる,Order
自己,self
ロンドン,London
端,end
加わる,Join
規模,scale
悩み,worries
鳴る,Sound
運,luck
ルール,rule
妙,Unusual
告げる,Tell
恋,love
現象,phenomenon
ベース,base
ネット,Net
許可,permission
商売,business
積む,Pile up
文句,Complaint
発想,Idea
見なす,Consider
親戚,Relatives
大幅,Large width
アドバイス,advice
ダイエット,diet
生命,life
中央,Center
発行,Issue
ほめる,compliment
カナダ,Canada
請求,Claim
企画,plan
話し合う,discuss
注ぐ,pour it up
増す,Increase
浴びる,Take a bath
縁,edge
吐く,Vomit
渋谷,Shibuya
間違える,mistake
セット,set
てはならない,must not
明かり,Light
玉ねぎ,onion
しかない,There is only
合計,total
良し,Good
二本,two
御,You
貴重,valuable
引っ張る,pull
城,castle
対処,handle
覆う,cover
教授,Professor
橋,bridge
巨大,Huge
あちらこちら,Here and there
苦手,weak point
スタイル,style
テント,tent
ユダヤ人,Jew
主,main
意志,will
容易,Easy
しばしば,often
のんびり,laid back
話しかける,talk
揃える,Be aligned
毎月,monthly
礼,Gratitude
つぶやく,Tweet
抵抗,resistance
十一時,eleven o'clock
恐怖,Fear
支配,Rule
右手,right hand
親しい,close
間違い無い,There is no doubt
禁止,Ban
怒り,anger
本格的,Full -fledged
命令,order
四時,Four o'clock
援助,assistance
二人共,Both of us
好む,prefer
苦しむ,suffer
見方,Perspective
介護,nursing
成績,Result
広告,advertisement
本日,today
強調,Emphasis
大いに,Very much
たまる,Accumulate
お子さん,Child
実態,Reality
によれば,According to
隠れる,hide
埋める,fill in
トップ,Top
依頼,request
もはや,no longer
真,true
出産,childbirth
達成,Achievement
申請,Application
知り合う,Know
親子,Parent and child
取り組み,attempt
招く,Be invited
二十日,The 20th
政治家,politician
飛び出す,Pop out
陥る,Fall into
寄せる,Send
定員,Capacity
駐車場,parking
彼氏,boyfriend
式,formula
によっては,In some ways
蓋,lid
実,fruit
社会人,society
墓,Grave
十三,Thirteen
宿,inn
都心,City center
二ヶ月,Two months
役立つ,Be useful
土曜日,Saturday
労働者,Worker
五日,Five days
発売,Release
成り立つ,Be held
人数,Number of people
物質,material
温度,temperature
性質,nature
方針,policy
ひたすら,single-mindedly
秘密,secret
該当,Applicable
案内,guidance
基礎,Foundation
単なる,mere
草,grass
食品,Food
トラブル,trouble
植える,Plant
定義,Definition
盛り上がる,Be exciting
祖父,grandfather
扉,door
僕達,we
にわたって,Over
廊下,hall
要請,request
姉さん,Elder Sister
プログラム,program
職業,Profession
限界,limit
地位,Status
負う,Bear
何しろ,Anyway
何と,What
エンジン,engine
コンビニ,convenience store
質,quality
漢字,Chinese characters
政策,policy
本物,Real thing
作り出す,produce
解消,Resolving
キャンプ,camp
アルバム,album
運命,Fate
に違いない,Must be
発する,Emperate
ロボット,robot
水分,moisture
天皇,Emperor
布,cloth
生物,Biology
根,root
信用,credit
ロシア,Russia
農業,Agriculture
思想,Philosophy
丁寧,polite
種,seed
書類,document
疑う,doubt
神様,God
悔しい,regrettable
農家,Farmer
市町村,Municipalities
被害者,victim
時計,clock
雲,cloud
ぱっと,At a glance
メッセージ,message
いじめ,Bullying
離婚,divorce
効果的,effective
掲載,publish
しょっちゅう,Snowlly
オリンピック,Olympic
操作,operation
知恵,wisdom
伝統,tradition
留まる,stay
受かる,Be accepted
恐れる,fear
著しい,Remarkable
カレー,curry
ウインドウズ,Windows
救う,save
助かる,Be helpful
巡る,Go around
予約,reserve
響く,Resonate
事前,advance
進行,Progress
解説,Explanation
潰す,Crush
二時,Two o'clock
行事,Event
男女,Men and women
メイン,Main
かむ,Bite
温める,warm
概念,concept
重視,Emphasis
複数,multiple
三十,Thirty
興奮,excitement
突っ込む,Plunge in
牛,Cow
鏡,mirror
ないし,No
二千年,"2,000 years"
煙,smoke
参照,reference
価値観,values
バター,butter
スープ,soup
自殺,suicide
トラック,truck
委員,Committee member
行政,Government
一年生,First -year student
犯す,commit
膨らむ,Swell
とうとう,finally
このごろ,These days
女子,Girl
JR,Jr
言語,language
とる,Take
以来,Since
市内,city
しかしながら,however
針,needle
集団,Group
体調,condition
三年間,Three years
手前,Forced
幼い,Young
説,Theory
神社,shrine
列車,train
夢中,Hopeful
トレーニング,training
よほど,very
どうせ,Anyway
坂,Slope
検索,search
アップ,up
絶える,Execute
三十一日,Thirty -one day
取材,Interview
ぶつかる,Collide
曲がる,Bend
ては,Forever
前年,Previous year
飽きる,Get tired of
三十日,Thirty days
分類,Classification
どっち,Which one
自分なり,Personality
覚悟,Preparedness
糸,thread
逮捕,Arrest
収まる,Be accumulated
交渉,negotiation
枝,branch
なにより,Above all
教科書,textbook
六時,Six o'clock
取り引き,transaction
免許,driver licence
講ずる,Take
太い,thick
開く,open
及ぼす,Hold
千円,Thousand yen
独自,Unique
夕食,dinner
震える,Tremble
心臓,heart
世界的,Global
所属,Affiliation
騒ぐ,Make a noise
そっと,Gently
溜める,Accumulate
晩,night
小屋,Hut
会議,meeting
個性,Personality
たがる,I want
理想,ideal
給料,salary
マスコミ,Media
おい,Hey
屋根,roof
クリスマス,Christmas
重なる,Overlap
各地,Various places
落ち込む,Be depressed
進化,evolution
とんでも,Very
思い付く,Come to mind
新幹線,bullet train
第三,Third
数える,count
公開,Release
地面,Ground
貢献,contribution
台風,typhoon
映る,Be reflected
大臣,Minister
十四,fourteen
入学,admission
紅茶,Black tea
控える,Refrain from
促す,prompt
何事,What
プレゼント,Present
配る,Distribute
改革,reform
一致,match
ゼロ,zero
義務,Duty
出席,Attending
十人,Ten people
処分,disposal
年間,Year
広島,Hiroshima
NHK,NHK
設計,design
飛び込む,jump in
邪魔,obstacle
ゆでる,Boil
プール,Pool
弁護士,lawyer
叱る,Scold
恋人,lover
暮らし,living
王,king
真似,Imitation
税金,tax
預ける,Deposit
柔らかい,soft
物事,things
相変わらず,As usual
年金,pension
やりとり,Exchange
ホーム,home
頼る,rely
学生時代,school days
憧れ,longing
内側,Inside
講師,Teacher
池,pond
接続,connection
役者,actor
光る,Glow
富士山,Fuji Mountain
必要性,necessity
七時,Seven o'clock
としたら,Then
出演,Appearance
柱,Pillar
間に合う,Be in time
年代,Age
鉄,iron
継続,continuation
特殊,Special
引き上げる,Pull up
スペイン,Spain
裁判,trial
はあ,Ha
上回る,Exceed
地下鉄,subway
専門家,Expert
内部,internal
割る,divide
スペース,space
結果的,As a result
飲める,Drink
割,Percentage
日記,diary
担う,Be responsible for
揺れる,Shake
彼,he
一匹,one
憲法,Constitution
件,subject
江戸時代,Edo Period
むく,peel
親切,Kindness
埼玉県,Saitama
急速,rapid
燃える,burn
末,End
胃,stomach
九州,Kyushu
ブログ,blog
にすぎない,Only
想定,Assumption
学習,study
ケーキ,cake
六年,Six years
袋,bag
医療,medical care
増大,Increase
競争,competition
投資,investment
ほっとする,Be relieved
お土産,Souvenir
記述,Description
謝る,apologize
にもかかわらず,apart from
獲得,Acquisition
見直す,Review
無人,Unmanned
心がける,Make a heart
テープ,tape
七日,seven days
二つ目,The second
板,Board
自慢,Pride
前項,Preceding paragraph
選挙,selection
更新,update
IT,IT
あちら,there
受け止める,Perceive
景気,Economy
二十五日,25 days
根拠,basis
チケット,ticket
民間,private
口調,tone
ふさわしい,Suitable
といっても,But
眼鏡,glasses
脇,side
持ち込む,Bring in
全身,Whole body
兄さん,Older brother
予測,predict
あれ,that
つながり,connection
欠ける,Be lost
嫌う,hate
保険料,Insurance fee
飛ばす,Skip
教わる,be taught
三十年,Thirty years
後半,Latter half
たく,Tap
何日,What day
防止,Prevention
遺伝子,gene
本屋,book store
明日,tomorrow
早め,Early
独特,Unique
今夜,tonight
ゆえ,For this reason
リズム,rhythm
突く,poke
魂,soul
滞在,stay
連携,alignment
ライブ,live
演ずる,play
廃止,abolition
復活,Revival
借金,debt
常識,common sense
闇,darkness
見守る,Watch over
不便,inconvenience
栄養,nutrition
フランス語,French
アクセス,access
PC,PC
不幸,Unfortunate
こだわる,Stick to
カット,cut
乾く,dry
おまけ,bonus
をはじめ,Including
ついで,By the way
名称,name
鍛える,Train
大学生,university student
左手,left hand
乾燥,Drying
たった,only
およそ,about
八日,The 8th
ぴったり,Exactly
添える,Serve
ノート,Note
配置,Arrangement
輸出,export
陰,shadow
漬ける,Pickle
果物,fruit
個々,individual
十六日,16th
電話番号,phone number
混む,Be crowded
築く,build
穏やか,Calm
結び付く,Connect
崩れる,Collapse
届ける,deliver
プレー,play
進歩,Progress
百,hundred
尻,Buttocks
汚れる,Be dirty
産業,industry
前日,The day before
吸収,absorption
驚き,surprise
ソ連,Soviet Union
悲しみ,sorrow
十一日,11th
最低,Lowest
十六,Sixteen
にんにく,garlic
順番,order
裁判所,court
観光,sightseeing
申し訳,Sorry
葉っぱ,leaf
生き物,Creature
演出,Directing
ですが,but
本気,Seriousness
三年生,Third grade
記入,enter
見上げる,look up
話し合い,discussion
値,value
一人暮らし,Living alone
趣旨,Effect
柔らかい,soft
舌,tongue
三時間,three hours
後悔,regret
詰める,pack
勝利,victory
自覚,Awareness
今朝,this morning
総合的,Comprehensive
美しさ,beauty
法人,Corporation
滑る,slide
極端,extreme
留学,Studying abroad
念,Sense
銀座,Ginza
十五年,Fifteen years
漂う,Drift
測る,measure
永遠,Eternity
十四日,Four days
取り戻す,regain
いっぺん,At once
門,gate
伸び,stretch
たどる,Follow
事例,Case
どなた,who is it
やばい,terrible
冗談,joke
巣,nest
進展,Progress
手伝い,help
死亡,death
細胞,cell
犠牲,Sacrifice
殴る,hit
前後,Back and forth
対立,Conflict
六日,Six days
比率,ratio
タイ,Thailand
放つ,Release
香港,Hong Kong
湖,lake
稼ぐ,Make money
出現,Appearance
真実,truth
前回,last time
工事,construction
科学,Science
順,order
読者,reader
不足,Shortage
社会的,Social
限定,exclusive
劇団,Theatrical company
看護婦,nurse
人参,carrot
一面,one side
生涯,Life
意思,Intention
追加,addition
台湾,Taiwan
日常生活,Everyday life
拭く,wipe
レース,race
民族,People
天,Heaven
花火,firework
項目,item
動向,Trend
にしろ,Though
日頃,Regularly
砂,sand
大根,Japanese white radish
感激,Deep emotion
浮く,float
まして,not to mention
リスク,risk
引っ掛かる,Get stuck
オークション,auction
二十一日,The 21st
ほら,You see
を通して,Through
武器,weapon
都内,In Tokyo
違反,violation
すっきり,Neat
十二日,twelve days
別に,Separately
十八日,18th
お宅,Your house
交通,traffic
業界,industry
解放,release
需要,demand
高度,Advanced
帰国,Returning home
午前中,morning
実践,Practice
深刻,serious
十八,XVIII
関係者,Stakeholders
追いかける,Chase
作用,Action
毎週,Every week
五つ,Five
頻繁,frequent
差別,discrimination
大声,Loud
長年,Many years
固まり,Raging
快適,comfortable
あいつ,that person
研修,training
沈む,Sink
男子,Male
爪,nail
青年,Young man
捕まえる,catch
こいつ,this guy
氷,ice
十七日,17 days
鋭い,sharp
いじめる,bully
業者,Business
大半,Majority
作り上げる,build up
三つ目,The third
称する,Call
とすれば,given that
支持,support
九日,The 9th
雌,female
跡,Trace
トマト,tomato
エピソード,episode
真,true
訪問,visit
スピーチ,speech
一見,Glimpse
足元,foot
台所,kitchen
ねばならない,Have to do
毛,hair
一点,Single point
二十三日,23 days
支給,provision
経費,Expense
晴れる,Clear
感心,Impression
ポケット,pocket
決意,Determination
法則,law
とはいえ,Although
資産,assets
慎重,Caution
二十四日,The 24th
尊敬,respect
尽くす,Exhaust
謎,Mystery
田んぼ,Paddy field
評判,reputation
寒さ,Coldness
天井,ceiling
池袋,Ikebukuro
せめて,at least
喫茶店,Coffee shop
従業員,employee
嫁,Bride
浮かべる,Float
災害,disaster
国際的,International
髪の毛,hair
ないといけない,I have to do it
加入,Joining
受け付け,Accepting
玉,ball
型,Mold
順調,Smoothness
専門,Specialty
供給,supply
振り,Swing
売り上げ,Sales
建築,Architecture
利用者,user
多様,Diverse
地方公共団体,Local government
じゃん,Jan
鉄道,Railway
誕生日,birthday
五十年,Fifty years
役員,board member
設備,Facility
悪化,Deterioration
用,for
ただいま,I'm back
十三日,13 days
遺跡,Remains
消費,consumption
模様,pattern
深める,deepen
パパ,Daddy
文,Sentence
中国人,Chinese
活性化,activation
聖書,Bible
神経,Nerve
混乱,confusion
ど,degree
癒す,heal
磨く,polish
動作,motion
コンサート,concert
粉,powder
身長,height
賛成,Agree
形態,form
につれて,Around
部下,Subordinate
二十世紀,20th century
ひょっとする,Perhaps
勤務,Work
恋愛,love
都道府県,Prefectures
誤解,Misunderstanding
直前,Right before
平均,average
出身,where one is from
区,Ward
しょう油,Soy sauce
こつ,Bend
翻訳,translation
ぼおっと,Bouto
ソース,sauce
二十二日,22nd
固まる,Be hardened
ステージ,stage
ストーリー,story
越す,Exceed
まとまる,Be united
始まり,Beginning
解く,solve
別れ,farewell
女房,wife
才能,talent
背後,Behind
通過,Passing through
確信,conviction
株,stock
いまさら,Even now
強力,Powerful
神戸,Kobe
見出だす,Discover
北朝鮮,north korea
側面,side
誇り,pride
作り,Making
米,Rice
崩壊,Collapse
二十一,Twenty one
直ちに,right away
バッグ,bag
本書,This book
器,vessel
血液,blood
衝撃,impact
嫌がる,Dislike
製造,Manufacturing
とりわけ,Especially
小麦粉,flour
気配,Sign
理論,theory
流行,trend
見解,View
承認,Approval
いかにも,Indeed
単位,unit
掘る,dig
歌詞,lyrics
絡む,Get entangled
文明,civilization
長崎,Nagasaki
構える,Set up
わー,Oh
発音,pronunciation
共有,share
勝負,Competition
住まい,Home
二十八日,28th
重大,Serious
各国,Various countries
無理矢理,forcibly
五百円,Five hundred yen
出品,Exhibition
祈る,pray
三番目,The third
メモ,Memo
平日,weekday
支払い,payment
皮膚,Skin
反面,On the other hand
代表的,Typical
整う,Be prepared
初心者,beginner
たどり着く,Arrive
焼ける,Burn
合併,merger
ウサギ,rabbit
徹底,Thorough
脱ぐ,Take off
八年,Eight years
ですけれど,However
意,Intention
自民党,LDP
地下,underground
構築,construction
両者,Both sides
適する,Suitable
引き受ける,undertake
番号,number
経営者,executive
焦る,panic
論文,paper
タイミング,timing
百パーセント,one hundred percent
週末,weekend
出品者,Seller
二十六日,26 days
正式,Official
カラオケ,karaoke
退職,retirement
満ちる,be full
おとなしい,Quiet
知人,acquaintance
刻む,Chop
十九日,Nineteen days
千葉県,Chiba prefecture
食材,ingredients
携わる,Be involved in
組み合わせ,combination
冷静,calm
台詞,lines
コート,coat
二年生,Second grade
ロック,Lock
国会,Parliament
編む,Knit
破る,Break
真っ赤,bright red
意図,intention
さらす,Expose
手間,time
可愛がる,Love
森林,forest
マイナス,minus
ラーメン,ramen
帽子,hat
オープン,open
名古屋,Nagoya
離す,Leave
数値,Numerical value
熱心,Eagerness
見直し,look over
盗む,steal
一冊,One
強さ,strength
紐,string
岩,rock
ミス,Mistake
移行,Migration
味方,Ally
純粋,pure
転勤,transfer
ビートルズ,Beatles
フライパン,Frying pan
一階,First floor
さっぱり,Fresh
正面,front
演劇,theater
疲れ,Fatigue
経緯,background
探る,explore
数学,Math
関わり,Involvement
英国,British
巻き込む,Get involved
退院,Discharge from the hospital
覚え,Perception
優秀,excellence
リラックス,relax
施策,Policy
瞳,pupil
二十七日,27th
権限,authority
十七,Seventeen
展示,Exhibition
三歳,Three years old
朝食,breakfast
診断,diagnose
ご免,Exemption
缶詰,canning
こしょう,Pepper
潰れる,Be crushed
海岸,Coast
領域,region
出版,Publication
映画館,movie theatre
気温,temperature
由来,Origin
引き起こす,cause
筋,logic
ガラス,Glass
同意,Agreement
土日,Saturday and Sunday
認定,Certification
おもちゃ,toy
島,island
丘,hill
二年間,two years
メディア,media
一台,One
翌年,following year
酸素,oxygen
よし,OK
いまや,Now
贅沢,luxury
金融機関,Financial institution
百円,One hundred yen
黄色,yellow
制定,Establishment
文書,documents
初期,initial
ぬれる,get wet
はがき,Postcard
巨人,Giant
俺達,We
苦痛,pain
パワー,power
いかなる,What
あちこち,Here and there
実力,real ability
面する,Face
もったいない,too good to waste
港,Harbor
片方,One side
最悪,terrible 
ぎりぎり,last minute
二十九日,29th
市販,Commercially available
この世,This world
片手,one hand
サイン,sign
キリスト教,Christianity
年寄り,Elderly person
気軽,Light
鳴く,Scream
呼吸,Breathing
コーナー,corner
徒歩,On foot
延長,Extension
眠い,sleepy
厚い,thick
二千二年,292 years
中小企業,Small and medium-sized enterprises
浅草,Asakusa
完璧,perfect
傷付ける,Hurt
とく,virtue
あご,Chin
紅葉,Autumn leaves
では,Then
信仰,faith
ねた,Named
雇う,hire
雄,Male
欧米,Europe and the United States
運用,Operation
酢,vinegar
半ば,middle
印象的,Impressive
権力,power
拒否,rejection
空く,Be empty
ビジネス,business
幅広い,Wide
アイデア,idea
十二時,20 o'clock
ベトナム,Vietnam
落札,Successful bid
出場,Participation
だます,fool
片付ける,put away
組み合わせる,combine
むろん,Out of place
雇用,employment
乗り越える,get over
休日,holiday
寝袋,sleeping bag
疑い,Suspicion
引き出す,Draw out
折,Occasionally
印刷,printing
こなす,Handle
パチンコ,pachinko
導く,Guide
中止,cancel
連続,continue
折る,Break
関西,Kansai
単語,word
曖昧,ambiguous
死体,cadaver
アフリカ,Africa
なくてはならない,Must-have
幸福,happiness
説得,Persuasion
籠もる,Take a basket
レッスン,lesson
放置,Abandoned
危機,crisis
アーティスト,Artist
子達,Children
編集,edit
くっ付く,Stick to
取り付ける,Attach
原稿,Manuscript
象徴,Symbol
説く,preach
服装,Clothes
見学,field trip
六人,six people
中野,Nakano
応募,Application
ラッキー,lucky
二回目,Second time
棒,rod
こととなる,Be
固定,Fixation
告白,Confession
圧倒的,Overwhelming
策定,Formulation
矛盾,Contradiction
引き取る,Take over
保証,guarantee
団地,Housing complex
会長,Chairman
利点,advantage
ジャンル,Genre
縦,vertical
隙間,gap
歴史的,historic
羨ましい,Jealous
ガス,gas
ウイルス,virus
公表,Announcement
二千一年,"2,000 years"
古く,Old
潜る,dive
一万円,Ten thousand yen
意義,significance
憧れる,Admire
前向き,Positive
ゆったり,Comfortable
漏れる,Leak
品物,goods
前述,Above -mentioned
あら,Oh
OS,OS
まとも,Decent
入手,obtain
二十代,Twenties
孤独,Loneliness
平等,equality
崩す,Break down
競馬,Horse racing
格好良い,Good looking
交わす,dodge
伝統的,Traditional
パーティー,party
役目,Role
通知,notification
要望,request
をめぐる,Over
営む,Run
パート,part
手のひら,palm
地上,Ground
踊り,dance
押し付ける,Press
溶ける,melt
奇妙,strange
最中,In the middle
定着,Settlement
依然,still
素早い,quick
そこらへん,It is
有利,advantageous
水準,level
じっくり,Carefully
首相,prime minister
レコード,record
際に,At the time
滅多,Rarity
機関,institution
手作り,Handmade
提示,Presentation
エジプト,Egypt
下町,Downtown
ううん,No
優先,priority
大部分,Majority
戦前,Last war
制作,Production
いい加減,Sloppy
後者,the latter
五十,Fifty
入り込む,Get in
シャワー,shower
栗,chestnut
札幌,Sapporo
主体,Subject
家内,wife
看板,signboard
将棋,Shogi
家事,domestic affairs
捕まる,get caught
他方,On the other hand
交通事故,Traffic accident
手順,procedure
コスト,cost
余る,Survive
輪,ring
ならびに,And
男達,Men
地名,Place name
合意,agreement
大手,Major
本番,Production
同僚,colleague
楽しさ,Amusement
丈夫,Durable
技,Technique
たちまち,Immediately
仕上げる,Finish
回収,collect
再生,reproduction
わがまま,Self-indulgence
小さじ,Teaspoon
コントロール,Control
深夜,Midnight
なおかつ,Still
活発,Vitality
芸術,art
ブラジル,Brazil
施行,Enforcement
チーズ,cheese
教え,lesson
追及,Pursuit
今月,this month
仙台,Sendai
特許,Patent
株式,stock
労働,Labor
カフェ,Cafe
シンプル,simple
規則,Rule
客観的,objective
帰宅,Returning home
つくづく,Stubborn
一つ目,The first one
汚染,pollution
転換,Conversion
たんぱく質,protein
Eメール,Email
予防,prevention
頬,cheek
面積,area
大正,Taisho
固める,Harden
反する,Contrary
振るう,Shake
宣言,declaration
直後,Immediately after
ねえ,Hey you
せいぜい,At best
特性,Characteristic
解散,dissolution
貧しい,poor
回転,rotate
マナー,Manner
いちいち,One by one
政令,Government order
王様,King
折れる,Be broken
竹,bamboo
暴力,violence
えび,Shrimp
担任,Homeroom teacher
角度,angle
革命,revolution
合宿,Training camp
後輩,one's junior
一連,Series
自動的,automatically
郵便局,Post office
概要,Overview
ローマ,Rome
にわたる,Rip -off
体制,System
セックス,Sex
上記,the above
何時,What time
親友,Close friend
お袋,mother
所有,Ownership
進出,Advance
大げさ,exaggerated
測定,measurement
そこそこ,So much
論ずる,Discuss
家賃,rent
蛇,snake
自身,Themselves
譲る,Give over
修理,repair
遡る,go back
加工,processing
鶏,chicken
保護者,Guardian
いえ,House
施す,Apply
人材,Human resources
かすか,Kasa
取り込む,take in
排除,Exclusion
育成,Training
移転,transfer
動機,Motivation
兼ねる,Be as good as
ネットワーク,network
自立,Independence
ハムスター,hamster
でかい,huge
下す,Set
やたら,Very much
二十五,twenty five
黄色い,yellow
確率,probability
ペース,pace
大統領,president
スムーズ,Smooth
欠点,Disadvantage
適正,Appropriate
千葉,Center
望ましい,desirable
鳴らす,Sound
ブランド,brand
学問,Learning
共同,Joint
取り除く,remove
不可欠,necessary
十九,Nineteen
神奈川県,Kanagawa Prefecture
二十二,twenty-two
ばれる,Come off
乗り込む,Get in
欠かせる,Indispensable
窓口,window
収穫,harvest
バラ,rose
血管,Blood vessels
方言,dialect
時間帯,Time zone
全体的,Overall
割れる,Be cracked
抽選,lottery
手法,Method
肉体,body
生き生き,Lively
狂う,Go crazy
一口,bite
協議,Discussions
重要性,Importance
発酵,fermentation
繰り返し,repetition
入札,bid
覚める,wake
ベスト,Vest
羽根,Feathers
背負う,Carry on
いつか,sometimes
次回,next time
基盤,basis
丸,Circle
感染,infection
尊重,respect
オフィス,office
否,no
素人,amateur
十七歳,Seventeen
一環,Parting
洗濯,Washing
争う,Compete
一時的,temporary
観光客,tourist
主要,Main
魅力的,attractive
外側,outside
勘違い,misunderstanding
この間,During this time
臭い,odor
手元,At hand
食,Food
ため息,Sigh
急激,Rapid
お仕舞い,The end
修正,Correction
たいして,Very much
インタビュー,interview
同級生,classmate
受け継ぐ,inherit
重さ,weight
町作り,Town making
削減,Reduction
顧客,client
爆発,explosion
スイス,Switzerland
うかがう,Outrageous
軍隊,army
そいつ,That guy
試みる,Attempt
決心,Resolution
所得,income
難い,hard
リーダー,leader
調理,cooking
地区,district
家具,furniture
自治体,Local government
剣,sword
介護保険,Long-term care insurance
キス,kiss
不況,recession
松,Pine
停止,Stop
古代,Ancient times
四十,Forty
シリーズ,series
食生活,Eating habits
申し込む,apply
デビュー,debut
足る,Be enough
四十年,Forty years
思い込む,Be convinced
予備校,Preparatory school
膨大,Swelling
統一,Unification
寿命,lifespan
根本的,Fundamentally
幕府,Shogunate
苦しみ,suffering
要件,Requirements
図表,Chart
逃れる,escape
反対側,Opposite side
プロジェクト,project
励ます,encourage
存ずる,Hold
辞書,dictionary
中国語,Chinese
までもない,No longer
カラス,Crow
問い,question
派手,vulgar
DVD,DVD
発明,invention
大学時代,College days
干す,dry
披露宴,reception
気候,climate
非難,Criticism
唱える,recite
作者,author
助け,Help
に比べて,Compared to
関東,Kanto
なめる,Lick
不明,not clear
スケジュール,schedule
差し出す,Send out
外部,external
ネズミ,mouse or rat
ニーズ,needs
現金,cash
彼女達,Girls
故郷,Hometown
畳,tatami
がっかり,Disappointed
しも,Sacrifice
福祉,welfare
上下,Up and down
汚れ,Dirt
書き込む,Write down
栽培,Cultivation
視野,Vision
隅,corner
保障,security
三十代,Thirties
バック,back
一斉,All at once
お盆,Bon Festival
審査,examination
ゆとり,Room
打ち込む,Draft
福岡,Fukuoka
通勤,go to work
準用,Standardization
右側,Right side
推測,Guessing
ライン,line
預かる,look after
美術館,Art museum
二個,Two pieces
冷やす,cool
仏教,Buddhism
接触,contact
意欲,Motivation
本音,True intention
二種類,two kinds
主役,Leading role
次男,second son
多々,many
定期的,Regularly
しめる,Close
通り過ぎる,Pass by
スーツ,suit
形式,format
ピンク,pink
七年,Seven years
生きがい,reason to live
にぎやか,Lively
結成,Formation
研究者,researcher
名付ける,Name
信号,signal
就職活動,job hunting
捜査,investigation
現に,Actually
黒人,Black man
事柄,Matter
早く,quickly
速度,speed
奥様,wife
まれ,Rarely
じゃが芋,potato
数多く,Many
ひそか,Secretly
照らす,Illuminate
ミュージカル,musical
怪しい,suspicious
友,friend
傾ける,Lean
鉛筆,pencil
判決,Judgment
マラソン,marathon
広さ,Breadth
リスト,list
振り向く,turn around
二歳,Two years old
関与,Involvement
遂げる,Achieve
二十人,20 people
タオル,towel
一泊,Overnight
ごちそう,Feast
的確,Accuracy
運転手,driver
各種,Various kinds
録音,recording
沈黙,silence
再度,again
以後,Afterwards
熊,bear
八王子,Hachioji
贈る,give
林,Forest
懸念,concern
燃やす,burn
枠,frame
児童,Child
真っ白,pure white
さっと,suddenly
定年,Retirement age
育児,Childcare
蹴る,Kick
蜂蜜,honey
度々,Often
完了,completion
二十三,twenty three
通訳,interpretation
飼い主,Owner
傍ら,beside
宣伝,Promotion
室内,Indoors
会員,Member
思考,Thinking
衣装,Costume
足す,Add
シャツ,shirt
イラク,Iraq
取り扱う,handle
わざと,Intentionally
前年度,Previous year
新郎,Groom
幹部,Executive
シェア,share
ガソリン,gasoline
記念,anniversary
強烈,strong
俳句,Haiku haiku
特色,Characteristic
引退,Retirement
飲み物,drink
いいえ,No
部,Department
オランダ,Netherlands
華やか,Gorgeous
高価,expensive
なじむ,Be familiar with
誇る,Be proud
左側,left
浮気,Flirtation
デート,Date
抑制,Suppression
好奇心,Curiosity
公務員,Public servant
列,Row
ソファー,sofa
初日,first day
プロセス,process
郊外,Suburb
六十,sixty
痛む,Be painful
自衛隊,Self -Defense Force
尽きる,run out
国連,united nations
手軽,Simple
町並み,Townscape
推定,Estimation
ちまう,Beyond
文部省,Ministry of Education
結びつける,Connect
例外,exception
プロ野球,Professional baseball
二枚,two papers
まさしく,Truly
変わり,change
用事,business
効率,efficiency
クリア,clear
だけど,However
財布,wallet
徹底的,Thorough
直面,Facing
己,Self
目安,rough indication
目覚める,wake up
等しい,equal
休憩,rest
一日中,all day
有無,presence or absence
HP,HP
不要,Unnecessary
猿,monkey
従事,Engaging
蓄積,Accumulation
よみがえる,Revive
年賀状,New Year's card
バブル,bubble
毎朝,Every morning
地味,sober
文学,literature
Tシャツ,T -shirt
放る,Leave
攻める,attack
位置付ける,Position
四回,four times
マーク,mark
アルコール,alcohol
優しさ,Kindness
漠然,vague
偉大,Greatness
脂肪,fat
言い出す,break the ice
青,Blue
キーワード,keyword
ベランダ,Veranda
炎,flame
交付,Issuance
証言,testimony
敏感,sensitive
鮮やか,vivid
解明,Elucidation
方式,method
瓶,bottle
そっくり,Exactly
縛る,Tie up
実情,Reality
円,Circle
化粧,make up
二十四,Twenty-four
数々,many
持参,Bring
引用,Quote
同期,Synchronization
健全,Sound
西洋,West
プレッシャー,pressure
赤ん坊,baby
打ち合わせ,meeting
欲望,desire
軍,army
パス,path
頼り,Reliance
扱い,Treatment
本質,Essence
市役所,City Hall
車両,vehicle
株価,Stock price
昼食,lunch
注射,injection
臨む,Face
職,Job
見た目,Appearance
アピール,appeal
三分の一,One third
全国的,Nationwide
豚,Pig
資本,capital
思いやり,Compassion
見通し,Outlook
十二年,122 years
きっちり,Exactly
砂漠,desert
エレベーター,Elevator
浅い,shallow
カバー,cover
交代,Change
資源,resource
現実的,Realistic
苦笑,Bitter smile
餃子,chinese dumpling
食堂,dining
もっぱら,Exclusively
締結,conclusion
裸,naked
そうこう,So
イライラ,Frustrating
収集,collection
記者,Reporter
脱出,escape
呼び出す,call
主流,Mainstream
さほど,So much
事務,Administrative office
付け加える,add
国々,Countries
地球上,On earth
大企業,large company
倒す,knock down
写る,Be reflected
漏らす,Leak
上達,Improvement
故郷,Hometown
行使,exercise
表明,Express
体育,physical education
読書,reading
都,Capital
ずれる,Shift
通用,Acceptance
支障,hinderance
カウンター,counter
大規模,Large scale
大家さん,Landlord
昨夜,last night
角,corner
ニコニコ,smilingly
三日間,Three days
撫でる,Stroke
金利,interest rate
わくわく,Be exciting
仮定,Assumption
引きずる,Drag
バラバラ,Apart
依存,reliance
様,looks
同居,Living together
スカート,skirt
柄,Handle
回数,Number of times
ユーザー,user
筆者,Author
筆,Brush
制約,Restrictions
絵本,Picture book
町中,Throughout the town
著者,author
芽,Bud
担当者,manager
嵐,storm
厚生省,Ministry of Health
豆,beans
損,loss
肝心,Important
保育園,nursery school
ポスト,post
呼びかける,Call out
余談,Aside
凝る,Be stiff
水道,Water supply
人形,doll
狙い,the aim
決断,decision
大切さ,importance
よそ,Beyond
蚊,mosquito
監視,Monitoring
同年,same year
あっさり,Simple
微笑む,smile
駆け付ける,rush
ゴール,goal
三本,Three
棚,shelf
しっぽ,tail
虐待,Abuse
然り,But
正常,normal
配布,distribution
持ち上げる,lift
見送る,See off
引き継ぐ,take over
違和感,Sense of incongruity
ジャズ,jazz
次いで,Next
向き,direction
五年間,Five years
安全性,safety
国境,Border
包丁,Kitchen knife
キー,Key
どきどき,Pounding
賑わう,Be crowded
地獄,hell
豪華,Gorgeous
救急車,ambulance
十年間,Ten years
不動産,real estate
広まる,spread
外出,Go out
グラス,glass
曲げる,bend
屋敷,Mansion
専門的,Professional
切り替える,Switch
染める,dye
スキー場,Ski resort
ヒント,Hint
講義,lecture
裏切る,betray
余地,room
富む,Be rich
手書き,Handwriting
ブーム,boom
ワールドカップ,World Cup
鬼,demon
ホール,hole
似合う,Succeed
節約,Savings
実績,achievement
訳す,Translate
奴ら,Them
キッチン,kitchen
課する,impose
養う,Nurture
別々,separately
手足,limbs
物価,cost of living
部品,parts
最適,Optimal
宿題,homework
氏名,Full name
ダンス,dance
溶かす,Dissolve
人種,Race
歌手,singer
銀,Silver
ルート,root
第一号,First issue
従兄弟,Cousin
概ね,generally
往復,round trip
起源,origin
広場,Square
レモン,lemon
円滑,Smoothness
広大,Vast
TV,TV
カップル,Couple
納豆,Natto
堂々,proudly
肝臓,liver
味わえる,Tasty
電源,power supply
分割,Split
縮小,Reduction
練る,Knead
飲み込む,swallow
職人,Craftsman
十三年,13 years
キャラクター,character
大地,Land
具,Ingredients
戸惑う,Be confused
寂しさ,Loneliness
吐く,Vomit
カーテン,curtain
情けない,Pitiful
飯,food
幼児,infant
法案,bill
病,disease
切符,ticket
消滅,Annihilation
障害者,handicapped
台,Stand
面白さ,Fun
生まれ,birth
保有,Holding
反発,Opposition
アレンジ,arrange
しつけ,Discipline
指導者,Leader
原理,principle
東南アジア,Southeast Asia
ID,ID
金属,metal
しわ,Wrinkle
思い浮かべる,Imagine
一分,Minute
当面,for the time being
貯金,saving
技術的,Technical
四歳,Four-year-old
ダンボール,Cardboard
生クリーム,Fresh cream
名乗る,Claim
金曜日,Friday
生き残る,survive
演技,acting
取り巻く,Surround
体質,Constitution
ドイツ語,German
仕方が無い,There is no way
参加者,participant
第三者,third party
感性,Sensitivity
谷,valley
本社,main office
都度,Every time
ぼんやり,Blurred
死者,dead
四季,Four seasons
倒産,bankruptcy
ニュージーランド,new zealand
センター,Center
保全,Maintenance
結合,Combination
発送,send
パンツ,Pants
ぐるぐる,round and round
ナンバー,number
持ち主,Owner
到底,Far
夕日,Sunset
乗り換える,Transfer
リストラ,restructuring
答弁,Answer
哲学,philosophy
おかしな,Funny
当事者,Parties
シーズン,Season
品,Item
高速道路,highway
一員,member
確定,Confirm
委員会,Committee
混ぜ合わせる,Mix
興味深い,Interesting
あれこれ,This
分布,distribution
観客,audience
鮎,Sweetfish
正午,noon
首都,capital
体内,Inside the body
調和,Harmony
権威,authority
シンガポール,Singapore
酔う,Be drunk
最低限,minimum
傷つく,Be hurt
カボチャ,Pumpkin
老後,old age
当てはまる,apply
害,harm
稽古,Training
一位,First place
率いる,Led by
前者,former
数人,Several people
創造,Creation
届け出,Notification
荻窪,Ogikubo
スイッチ,switch
試み,Trial
歩む,walk
立ち止まる,stop
いまいち,Not so much
麺,noodles
不安定,unstable
原点,origin
一向,Head -to -face
それゆえ,therefore
ジュース,juice
軽減,Reduction
不自由,Inconvenience
悲鳴,scream
落札者,Successful bidder
融資,Loan
破綻,Breakdown
二千八年,28 years
アドレス,address
励む,Work hard
双方,both
原爆,Atomic bomb
傘,umbrella
チャレンジ,Challenge
炭,Charcoal
不意,Unexpected
リサイクル,recycling
ミルク,milk
子孫,descendants
近頃,recently
鞄,bag
五千円,Five thousand yen
圧力,pressure
斜め,diagonal
補助,auxiliary
改良,Improvement
俳優,actor
フィリピン,Philippines
効率的,Efficient
情熱,passion
七人,Seven people
焦点,focus
旅館,Inn
食卓,table
歩き回る,Walk around
悲劇,tragedy
長女,Eldest daughter
議会,Parliament
侵入,Invasion
盛る,Hold
転ずる,Turn off
祭る,Enshrine
笑み,smile
三度,Thrice
冷える,Get cold
案,Proposal
心理,Psychology
縫う,sew
おしゃべり,Chatting
次ぐ,Next
復帰,return
衝突,collision
持ち出す,Take out
浸かる,Soak
ドライブ,drive
テキスト,text
変動,Fluctuation
吸い込む,Suck in
木々,The trees
ヒット,hit
箸,chopstick
食欲,appetite
語,word
通信,communication
一家,Family
怒鳴る,bellow
二十一年,21st years
専業主婦,housewife
滝,waterfall
ひねる,Twist
身分,Status
敷地,site
冷める,Cool down
ブルー,blue
先進国,Developed country
バナナ,banana
取り扱い,handling
フィルム,the film
日本酒,Sake
WWW,Www
透明,Transparent
即,Immediately
克服,Overcoming
専門学校,Vocational school
六十歳,Sixty years old
朝日,Morning sun
スタジオ,studio
長期,Long -term
美人,Beautiful
筆記用具,Writing utensils
石油,oil
早朝,early morning
店内,inside of shop
賃金,wage
見回す,Look around
日程,schedule
応用,application
真っ暗,Completely dark
眉,eyebrow
レンズ,lens
五回,5 times
俗,Worldly
パスタ,pasta
差し込む,Insert
性能,Performance
絵画,Painting
刀,sword
理念,Philosophy
裁判官,judge
戦略,strategy
核,Nucleus
農民,farmers
コンクリート,concrete
環境問題,Environment issues
ライター,Writer
手入れ,maintenance
判定,judgement
帯びる,Be understood
日曜,Sunday
昨今,These days
対話,Dialogue
帯,band
お好み焼き,Okonomiyaki
羊,sheep
前半,first half
ショー,show
研究所,Research institution
生姜,ginger
冒頭,beginning
メジャー,major
公演,Performance
剣道,kendo
倉庫,Warehouse
浴衣,yukata
直径,diameter
残業,overtime
殺人,murder
判明,Tells us
統合,Integration
水気,moisture
我ら,Us
原料,material
群れ,Flock
新婦,bride
持ち物,Belongings
転がる,roll over
おはよう,good morning
二匹,two
天候,weather
危険性,Risk
創設,Establishment
年末,End of the year
感,Feeling
イコール,equal
実質的,Substantive
響き,sound
六ヶ月,six months
プラン,plan
グラウンド,Ground
メキシコ,Mexico
バー,bar
カップ,cup
訴訟,Lawsuit
流通,distribution
郵送,Mailing
平ら,Flat
赤字,deficit
二位,Second place
刃物,Knife
苦情,Complaint
入社,Joining a company
役所,Government office
三百円,300 yen
チラシ,Flyer
成人,adult
工具,tool
先週,last week
境,Border
国語,national language
三十人,Thirty
兵士,soldier
芸能人,entertainer
こんにちは,hello
ふっと,Suddenly
日付,date
相違,differ
決定的,Decisive
無意識,Unconsciousness
友人達,Friends
債務者,Debtor
四ヶ月,Four months
始末,Cleaning up
合間,Interval
副作用,Side effect
成分,component
初,first time
ドライバー,driver
渋滞,Traffic jam
遠慮,show reserve
印,mark
今週,this week
慰める,comfort
一方的,Unilateral
開設,Opening
アニメ,animation
さっさと,quickly
勢力,power
梅,plum
霊,Spirit
予感,Premonition
学者,Scholar
車椅子,wheelchair
月曜日,Monday
北京,Beijing
論理,logic
見込む,Anticipate
四十分,Forty minutes
歩道,Sidewalk
二千,Two thousand
政治的,Political
九年,Nine years
欠く,Lack
報告書,report
近づける,Approach
壼,Lingering
講座,Course
レシピ,recipe
行列,queue
計上,appropriation
受診,Consultation
指揮,Command
保管,storage
パートナー,partner
発足,Launch
火事,fire
中世,middle ages
考察,Consideration
祝い,Celebration
儲ける,Make money
指差す,pointing
認可,Approval
劣る,Be inferior
ぶつける,Hit
条約,Treaty
像,image
マッチ,Match
二千円,"2,000 yen"
キャベツ,cabbage
デザート,dessert
議員,Parliamentarians
審議,Deliberation
涼しい,cool
性,sex
仕草,gesture
マスター,Master
泡,foam
年配,Elderly
万が一,In the emergency
挙げ句,Upset
つなげる,Connect
弟子,Disciple
分解,Disassembly
一発,One shot
ささやく,whisper
調達,Procurement
二十六,26
制服,uniform
オーブン,oven
パンフレット,Pamphlet
賞,award
白人,White man
いささか,Somewhat
先頭,lead
真っ黒,Black
すっと,straight
公共,public
貴族,Aristocrat
散る,Be scattered
路地,alley
緑色,green
逃げ出す,Run away
繁栄,prosperity
銃,gun
今後とも,from now on
担ぐ,Carry in
撒く,Scatter
合理的,rational
果て,End
霧,fog
主催,Sponsoring
選択肢,Choice
密接,Closely
煮込む,Stew
表,table
錯覚,Illusion
乗り物,vehicle
スパゲッティー,Spaghetti
隣接,adjacent
二千三年,23 years
ごまかす,Cheat
テクニック,Technique
ステップ,Step
任務,mission
小川,stream
ロープ,rope
到達,Arrival
イエス,Jesus
上海,Shanghai
顕著,Remarkable
生まれ育つ,Be born and raised
ファッション,fashion
緊張感,Nervousness
容器,container
サポート,support
転ぶ,Fall
まし,Better
東北,Tohoku
亡くす,lose
サラダ,salad
注意点,important point
DNA,DNA
米軍,U.S. Army
デメリット,Demerit
国道,National road
浸透,Penetration
合図,sign
フェリー,ferry
貿易,Trade
照明,illumination
招待,invitation
年々,Year by year
十一年,11 years
武士,samurai
そりゃ,So
対抗,Opposition
者達,Persons
警察官,Police officer
丸める,Round
最新,latest
他者,Others
挿入,Insertion
賢い,wise
腐る,Rot
こだわり,Commitment
悲惨,Misery
キリスト,Christ
辛さ,hot flavor
二三日,A few days
講演,Lecture
誤る,Be incorrect
人権,human rights
両側,both sides
餅,Mochi
鎌倉,Kamakura
運動会,Sports day
州,state
分離,Separation
日常的,Daily
掲示板,Bulletin board
住宅地,Residential areas
亀,turtle
四十代,Forty
メロディー,melody
民衆,people
吉祥寺,Kichijoji
貫く,Pierced through
新潟,Niigata
箇所,part
正解,correct answer
悟る,Be aware of
擦る,rub
体育館,gym
再会,Reunion
儀式,Ritual
いやあ,No
店舗,Store
捕らわれる,Be captured
日本一,Best in Japan
トンネル,tunnel
一歳,One year old
暑さ,Heat
ビタミン,vitamin
おめでとう,Congrats
用途,Use
進学,Proceeding
タイヤ,tire
朝鮮,Korea
三味線,Shamisen
保険会社,Insurance company
写す,Copy
チョコレート,chocolate
走り回る,Run around
有力,Powerful
仕掛け,Device
ポスター,Poster
杉,Cedar
可愛らしい,lovely
彫刻,Sculpture
眠り,sleep
見込み,Expectation
爽やか,refreshing
就任,Appointment
先端,Tip
装置,Device
伝説,Legend
今頃,Around this time
学部,Undergraduate
水泳,swimming
羽目,Dust
上京,In the upper part of Tokyo
ビザ,visa
将軍,General
青少年,youth
肘,elbow
延々,meandering
食器,Tableware
引き付ける,attract
深さ,depth
~さん,~
パスポート,passport
ぼろぼろ,Ragged
いつ頃,When
二重,Double
埼玉,Saitama
いたずら,mischief
受け付ける,accept
こねる,Knead
這う,Crawl
ふらふら,Fluffy
捧げる,devote
居酒屋,Pub
見下ろす,Look down on
一貫,Consistency
文献,Literature
やがる,Be overwhelmed
ワープロ,word processor
象,elephant
共感,sympathy
ズボン,pants
迅速,fast
豆腐,tofu
司会,host
幸運,Luck
緩和,relief
鉄板,Iron plate
明ける,Dawn
反論,Rebuttal
引っ繰り返す,turn over
儲かる,make a profit
久々,Long time
効力,efficacy
枯れる,Die
絆,bond
相性,Compatibility
三分,Three minutes
砂浜,Sandy beach
責める,blame
参加費,Entry fee
井戸,well
五十代,Fifties
債務,debt
寄与,contribution
社宅,Company house
下記,the below described
委員長,Chairman
槍,spear
くわえる,Adapt
店員,Clerk
秩序,order
散々,Terrible
刺し身,Sashimi
おかず,Side dish
豚肉,pork
兵,Soldier
部長,Director
サミット,Summit
三十歳,Thirty -year -old
二倍,Twice
ベンチ,bench
補う,compensate
投入,Introduction
争い,Conflict
センス,sense
ハード,hard
見逃す,miss
線路,line
四年間,Four years
リンク,Link
大蔵省,Ministry of Finance
製作,Production
世帯,Household
覗き込む,Look into
区分,Division
放棄,Abandonment
転職,Changing jobs
類い,Similar
活気,Lively
日差し,sunlight
人格,personality
避難,Evacuation
ラスベガス,Las Vegas
鐘,bell
若者達,Young people
集まり,gathering
変換,conversion
歓迎,welcome
川崎,Kawasaki
支出,Spending
軸,shaft
食物,food
損害,damage
のみならず,As well
正義,justice
一目,glance
百年,Hundreds of years
ガイド,guide
大型,large
頂上,the top
睡眠,sleep
緩やか,Slender
相互,Mutual
二十七,Twenty seven
披露,Show
OB,OB
この方,This person
上位,Top position
リード,Lead
心身,Mentality
債権者,a creditor
燃料,fuel
ショップ,shop
長官,Secretary
強いる,Be strong
シート,Seat
追い込む,Drive in
プライド,Pride
題名,Title
問い合わせ,inquiry
葱,Green onion
据える,Put on
業績,performance
起動,Start-up
学年,School year
助成,Subsidy
天下,Heaven
打ち出す,Launch
栄える,Flourish
科学的,scientific
千九百九十九年,19999
庶民,Common people
千九百九十年,19990
乗り出す,Start
そんなこんな,Such
覚ます,Wake up
住居,Residence
沸騰,boiling
仕掛ける,Set up
一年半,One and a half years
こっそり,secretly
へん,Strange
組み立てる,assemble
案外,unexpectedly
譲渡,assignment
でもある,But
挫折,Setback
きゅうり,Cucumber
検証,inspection
株主,Shareholder
見渡す,Overlook
誓う,swear
マッサージ,Massage
二度目,second time
年上,Older
力強い,Powerful
ピーク,peak
みじん切り,Chop
強める,ramp up
禁煙,no smoking
厚さ,thickness
十代,Teen years
タレント,talent
ふさぐ,Close
ごと,All
牛肉,beef
枠組み,framework
かゆい,itch
七十,Seventy
多様化,Diversification
着せる,Put on
インストール,install
二年目,Second year
機構,mechanism
着実,steady
世田谷,Setagaya
里,Village
決まり,Decision
独身,single
十八歳,eighteen
高齢化,Aging
鮮明,clear
エアコン,Air conditioner
期限,Deadline
物件,Property
前条,Previous article
中間,Middle
カラー,Color
スポーツクラブ,Sports club
群馬県,Gunma Prefecture
フルーツ,fruits
グラフ,graph
画家,painter
組み込む,Incorporate
マイク,Microphone
着替える,Change clothes
計画的,Planned
典型的,Typical
調節,Adjustment
回避,Avoidance
打ち明ける,be frank
書物,book
隙,Gap
範囲内,Within the range
遊園地,amusement park
六つ,six
二十歳,20 years old
偏見,prejudice
理屈,reason
契機,Opportunity
一軒,one
紛争,Dispute
魔法,magic
影響力,Influence
触れ合い,Interchange
極力,As much as possible
私立,private
明記,Specification
塩分,salt
同一,Same
顔色,complexion
何せ,At all
資する,To contribute
埃,dust
既存,existing
網,network
つ,Dedicated
刑事,Criminal
ボーリング,Boring
感触,Feeling
明く,Clearly
人柄,personality
各々,Each
職務,Duties
URL,URL
だし,But
六十年,Sixty -year
薄れる,Fade
執行,Execution
分量,Quantity
大概,Mostly
熱する,heat
味わい,Taste
中途半端,Incomplete
はたち,Flaw
一周,Round
異様,Divination
髭,beard
支度,Preparation
留める,stop
立ち上げる,Launch
受賞,Awarded
国鉄,JNR
乏しい,poor
祝う,celebrate
倍,Doubling
ただただ,Just
業種,Industry
汽車,Train
うどん,Udon
五歳,Five years old
適度,Moderate
日中,Daytime
作曲,Composition
大嫌い,hate
居間,living room
心境,Feeling
住宅街,Residential area
無言,Silent
調味料,spices
一回目,First time
何時間,how many hours
みそ,Miso
花粉,pollen
抗議,protest
あきれる,Be overwhelmed
数日,Several days
信念,belief
イスラエル,Israel
遅く,late
追い詰める,Hunt down
プラスチック,plastic
しつこい,Insistent
塔,Tower
家,House
六年生,sixth grader
手話,sign language
痛める,Hurt
研究開発,Research and Development
切り取る,cut out
民法,Civil law
返済,pay back debt
例える,compare
なじみ,Familiarity
二十九,XXIX
地形,terrain
本能,instinct
解除,lift
放出,release
にらむ,Glare
悪魔,devil
ハム,ham
診察,consultation
二日目,Day 2
柿,persimmon
給付,Benefit
署名,signature
詩人,poets
しみじみ,Sacrifice
示唆,Suggestion
三千円,Three thousand yen
来週,next week
気楽,Comfort
略,Abbreviation
免れる,Be exempt from
相次ぐ,successive
一段,One step
動揺,upset
まあまあ,Well